time,layout,data
2023/07/03 16:50:39.357199460,"{'dim': [], 'data_offset': 0}",[]
2023/07/03 16:50:39.458471270,"{'dim': [], 'data_offset': 0}",[]
2023/07/03 16:50:39.558077018,"{'dim': [], 'data_offset': 0}",[]
2023/07/03 16:50:39.657905164,"{'dim': [], 'data_offset': 0}",[]
2023/07/03 16:50:39.758580281,"{'dim': [], 'data_offset': 0}",[]
2023/07/03 16:50:39.858557437,"{'dim': [], 'data_offset': 0}",[]
2023/07/03 16:50:39.958655169,"{'dim': [], 'data_offset': 0}",[]
2023/07/03 16:50:40.58659517,"{'dim': [], 'data_offset': 0}",[]
2023/07/03 16:50:40.158668233,"{'dim': [], 'data_offset': 0}",[]
2023/07/03 16:50:40.258628599,"{'dim': [], 'data_offset': 0}",[]
2023/07/03 16:50:40.358745809,"{'dim': [], 'data_offset': 0}",[]
2023/07/03 16:50:40.458699052,"{'dim': [], 'data_offset': 0}",[]
2023/07/03 16:50:40.558642435,"{'dim': [], 'data_offset': 0}",[]
2023/07/03 16:50:40.658622076,"{'dim': [], 'data_offset': 0}",[]
2023/07/03 16:50:40.758654737,"{'dim': [], 'data_offset': 0}",[]
2023/07/03 16:50:40.858626714,"{'dim': [], 'data_offset': 0}",[]
2023/07/03 16:50:40.958665778,"{'dim': [], 'data_offset': 0}",[]
2023/07/03 16:50:41.58629922,"{'dim': [], 'data_offset': 0}",[]
2023/07/03 16:50:41.158666220,"{'dim': [], 'data_offset': 0}",[]
2023/07/03 16:50:41.258619374,"{'dim': [], 'data_offset': 0}",[]
2023/07/03 16:50:41.358635615,"{'dim': [], 'data_offset': 0}",[]
2023/07/03 16:50:41.458656185,"{'dim': [], 'data_offset': 0}",[]
2023/07/03 16:50:41.558614808,"{'dim': [], 'data_offset': 0}",[]
2023/07/03 16:50:41.658638504,"{'dim': [], 'data_offset': 0}",[]
2023/07/03 16:50:41.758642684,"{'dim': [], 'data_offset': 0}",[]
2023/07/03 16:50:41.858604793,"{'dim': [], 'data_offset': 0}",[]
2023/07/03 16:50:41.958658896,"{'dim': [], 'data_offset': 0}",[]
2023/07/03 16:50:42.58623953,"{'dim': [], 'data_offset': 0}",[]
2023/07/03 16:50:42.158634966,"{'dim': [], 'data_offset': 0}",[]
2023/07/03 16:50:42.258630200,"{'dim': [], 'data_offset': 0}",[]
2023/07/03 16:50:42.358644089,"{'dim': [], 'data_offset': 0}",[]
2023/07/03 16:50:42.458636046,"{'dim': [], 'data_offset': 0}",[]
2023/07/03 16:50:42.558545309,"{'dim': [], 'data_offset': 0}",[]
2023/07/03 16:50:42.658660720,"{'dim': [], 'data_offset': 0}",[]
2023/07/03 16:50:42.758645895,"{'dim': [], 'data_offset': 0}",[]
2023/07/03 16:50:42.858634255,"{'dim': [], 'data_offset': 0}",[]
2023/07/03 16:50:42.958665627,"{'dim': [], 'data_offset': 0}",[]
2023/07/03 16:50:43.58614856,"{'dim': [], 'data_offset': 0}",[]
2023/07/03 16:50:43.158616993,"{'dim': [], 'data_offset': 0}",[]
2023/07/03 16:50:43.258624722,"{'dim': [], 'data_offset': 0}",[]
2023/07/03 16:50:43.358597735,"{'dim': [], 'data_offset': 0}",[]
2023/07/03 16:50:43.458618117,"{'dim': [], 'data_offset': 0}",[]
2023/07/03 16:50:43.558627679,"{'dim': [], 'data_offset': 0}",[]
2023/07/03 16:50:43.658630409,"{'dim': [], 'data_offset': 0}",[]
2023/07/03 16:50:43.758633058,"{'dim': [], 'data_offset': 0}",[]
2023/07/03 16:50:43.858627141,"{'dim': [], 'data_offset': 0}",[]
2023/07/03 16:50:43.958630853,"{'dim': [], 'data_offset': 0}",[]
2023/07/03 16:50:44.58642500,"{'dim': [], 'data_offset': 0}",[]
2023/07/03 16:50:44.158619933,"{'dim': [], 'data_offset': 0}",[]
2023/07/03 16:50:44.258621502,"{'dim': [], 'data_offset': 0}",[]
2023/07/03 16:50:44.358673695,"{'dim': [], 'data_offset': 0}",[]
2023/07/03 16:50:44.458614099,"{'dim': [], 'data_offset': 0}",[]
2023/07/03 16:50:44.558606321,"{'dim': [], 'data_offset': 0}",[]
2023/07/03 16:50:44.658627477,"{'dim': [], 'data_offset': 0}",[]
2023/07/03 16:50:44.758573632,"{'dim': [], 'data_offset': 0}",[]
2023/07/03 16:50:44.858635073,"{'dim': [], 'data_offset': 0}",[]
2023/07/03 16:50:44.958679633,"{'dim': [], 'data_offset': 0}",[]
2023/07/03 16:50:45.58660533,"{'dim': [], 'data_offset': 0}",[]
2023/07/03 16:50:45.157976073,"{'dim': [], 'data_offset': 0}",[]
2023/07/03 16:50:45.257986630,"{'dim': [], 'data_offset': 0}",[]
2023/07/03 16:50:45.358600742,"{'dim': [], 'data_offset': 0}",[]
2023/07/03 16:50:45.458560032,"{'dim': [], 'data_offset': 0}",[]
2023/07/03 16:50:45.558585427,"{'dim': [], 'data_offset': 0}",[]
2023/07/03 16:50:45.657960049,"{'dim': [], 'data_offset': 0}",[]
2023/07/03 16:50:45.757994429,"{'dim': [], 'data_offset': 0}",[]
2023/07/03 16:50:45.858553517,"{'dim': [], 'data_offset': 0}",[]
2023/07/03 16:50:45.957975447,"{'dim': [], 'data_offset': 0}",[]
2023/07/03 16:50:46.57984412,"{'dim': [], 'data_offset': 0}",[]
2023/07/03 16:50:46.158601902,"{'dim': [], 'data_offset': 0}",[]
2023/07/03 16:50:46.258568017,"{'dim': [], 'data_offset': 0}",[]
2023/07/03 16:50:46.358542246,"{'dim': [], 'data_offset': 0}",[]
2023/07/03 16:50:46.458534179,"{'dim': [], 'data_offset': 0}",[]
2023/07/03 16:50:46.558539629,"{'dim': [], 'data_offset': 0}",[]
2023/07/03 16:50:46.658524839,"{'dim': [], 'data_offset': 0}",[]
2023/07/03 16:50:46.758532071,"{'dim': [], 'data_offset': 0}",[]
2023/07/03 16:50:46.858560093,"{'dim': [], 'data_offset': 0}",[]
2023/07/03 16:50:46.958582262,"{'dim': [], 'data_offset': 0}",[]
2023/07/03 16:50:47.58609533,"{'dim': [], 'data_offset': 0}",[]
2023/07/03 16:50:47.158554589,"{'dim': [], 'data_offset': 0}",[]
2023/07/03 16:50:47.258538749,"{'dim': [], 'data_offset': 0}",[]
2023/07/03 16:50:47.357889839,"{'dim': [], 'data_offset': 0}",[]
2023/07/03 16:50:47.457998864,"{'dim': [], 'data_offset': 0}",[]
2023/07/03 16:50:47.557966634,"{'dim': [], 'data_offset': 0}",[]
2023/07/03 16:50:47.657881884,"{'dim': [], 'data_offset': 0}",[]
2023/07/03 16:50:47.758520635,"{'dim': [], 'data_offset': 0}",[]
2023/07/03 16:50:47.858552996,"{'dim': [], 'data_offset': 0}",[]
2023/07/03 16:50:47.958555822,"{'dim': [], 'data_offset': 0}",[]
2023/07/03 16:50:48.57845376,"{'dim': [], 'data_offset': 0}",[]
2023/07/03 16:50:48.157849805,"{'dim': [], 'data_offset': 0}",[]
2023/07/03 16:50:48.257978098,"{'dim': [], 'data_offset': 0}",[]
2023/07/03 16:50:48.357849948,"{'dim': [], 'data_offset': 0}",[]
2023/07/03 16:50:48.458379716,"{'dim': [], 'data_offset': 0}",[]
2023/07/03 16:50:48.557968774,"{'dim': [], 'data_offset': 0}",[]
2023/07/03 16:50:48.658537517,"{'dim': [], 'data_offset': 0}",[]
2023/07/03 16:50:48.758638117,"{'dim': [], 'data_offset': 0}",[]
2023/07/03 16:50:48.857885893,"{'dim': [], 'data_offset': 0}",[]
2023/07/03 16:50:48.958560141,"{'dim': [], 'data_offset': 0}",[]
2023/07/03 16:50:49.58536067,"{'dim': [], 'data_offset': 0}",[]
2023/07/03 16:50:49.158505121,"{'dim': [], 'data_offset': 0}",[]
2023/07/03 16:50:49.257840353,"{'dim': [], 'data_offset': 0}",[]
2023/07/03 16:50:49.358546954,"{'dim': [], 'data_offset': 0}",[]
2023/07/03 16:50:49.458514326,"{'dim': [], 'data_offset': 0}",[]
2023/07/03 16:50:49.558505674,"{'dim': [], 'data_offset': 0}",[]
2023/07/03 16:50:49.658500977,"{'dim': [], 'data_offset': 0}",[]
2023/07/03 16:50:49.757832232,"{'dim': [], 'data_offset': 0}",[]
2023/07/03 16:50:49.857923246,"{'dim': [], 'data_offset': 0}",[]
2023/07/03 16:50:49.957940401,"{'dim': [], 'data_offset': 0}",[]
2023/07/03 16:50:50.57848049,"{'dim': [], 'data_offset': 0}",[]
2023/07/03 16:50:50.157985542,"{'dim': [], 'data_offset': 0}",[]
2023/07/03 16:50:50.257894224,"{'dim': [], 'data_offset': 0}",[]
2023/07/03 16:50:50.357886394,"{'dim': [], 'data_offset': 0}",[]
2023/07/03 16:50:50.458031290,"{'dim': [], 'data_offset': 0}",[]
2023/07/03 16:50:50.558100374,"{'dim': [], 'data_offset': 0}",[]
2023/07/03 16:50:50.658007274,"{'dim': [], 'data_offset': 0}",[]
2023/07/03 16:50:50.757894036,"{'dim': [], 'data_offset': 0}",[]
2023/07/03 16:50:50.858873201,"{'dim': [], 'data_offset': 0}",[]
2023/07/03 16:50:50.957979094,"{'dim': [], 'data_offset': 0}",[]
2023/07/03 16:50:51.58245821,"{'dim': [], 'data_offset': 0}",[]
2023/07/03 16:50:51.157859149,"{'dim': [], 'data_offset': 0}",[]
2023/07/03 16:50:51.257879913,"{'dim': [], 'data_offset': 0}",[]
2023/07/03 16:50:51.357878967,"{'dim': [], 'data_offset': 0}",[]
2023/07/03 16:50:51.457901494,"{'dim': [], 'data_offset': 0}",[]
2023/07/03 16:50:51.558509392,"{'dim': [], 'data_offset': 0}",[]
2023/07/03 16:50:51.658237877,"{'dim': [], 'data_offset': 0}",[]
2023/07/03 16:50:51.758284621,"{'dim': [], 'data_offset': 0}",[]
2023/07/03 16:50:51.858482648,"{'dim': [], 'data_offset': 0}",[]
2023/07/03 16:50:51.958151702,"{'dim': [], 'data_offset': 0}",[]
2023/07/03 16:50:52.58601243,"{'dim': [], 'data_offset': 0}",[]
2023/07/03 16:50:52.158259186,"{'dim': [], 'data_offset': 0}",[]
2023/07/03 16:50:52.258514193,"{'dim': [], 'data_offset': 0}",[]
2023/07/03 16:50:52.358587407,"{'dim': [], 'data_offset': 0}",[]
2023/07/03 16:50:52.458462790,"{'dim': [], 'data_offset': 0}",[]
2023/07/03 16:50:52.558434363,"{'dim': [], 'data_offset': 0}",[]
2023/07/03 16:50:52.658455139,"{'dim': [], 'data_offset': 0}",[]
2023/07/03 16:50:52.758438194,"{'dim': [], 'data_offset': 0}",[]
2023/07/03 16:50:52.858448600,"{'dim': [], 'data_offset': 0}",[]
2023/07/03 16:50:52.958462633,"{'dim': [], 'data_offset': 0}",[]
2023/07/03 16:50:53.58467420,"{'dim': [], 'data_offset': 0}",[]
2023/07/03 16:50:53.158480633,"{'dim': [], 'data_offset': 0}",[]
2023/07/03 16:50:53.258548840,"{'dim': [], 'data_offset': 0}",[]
2023/07/03 16:50:53.358510064,"{'dim': [], 'data_offset': 0}",[]
2023/07/03 16:50:53.458497148,"{'dim': [], 'data_offset': 0}",[]
2023/07/03 16:50:53.558746064,"{'dim': [], 'data_offset': 0}",[]
2023/07/03 16:50:53.658533583,"{'dim': [], 'data_offset': 0}",[]
2023/07/03 16:50:53.758503275,"{'dim': [], 'data_offset': 0}",[]
2023/07/03 16:50:53.858540814,"{'dim': [], 'data_offset': 0}",[]
2023/07/03 16:50:53.958535451,"{'dim': [], 'data_offset': 0}",[]
2023/07/03 16:50:54.58682156,"{'dim': [], 'data_offset': 0}",[]
2023/07/03 16:50:54.158510192,"{'dim': [], 'data_offset': 0}",[]
2023/07/03 16:50:54.258569643,"{'dim': [], 'data_offset': 0}",[]
2023/07/03 16:50:54.358508336,"{'dim': [], 'data_offset': 0}",[]
2023/07/03 16:50:54.458544355,"{'dim': [], 'data_offset': 0}",[]
2023/07/03 16:50:54.558647017,"{'dim': [], 'data_offset': 0}",[]
2023/07/03 16:50:54.658562727,"{'dim': [], 'data_offset': 0}",[]
2023/07/03 16:50:54.758545533,"{'dim': [], 'data_offset': 0}",[]
2023/07/03 16:50:54.857836378,"{'dim': [], 'data_offset': 0}",[]
2023/07/03 16:50:54.958615473,"{'dim': [], 'data_offset': 0}",[]
2023/07/03 16:50:55.58545621,"{'dim': [], 'data_offset': 0}",[]
2023/07/03 16:50:55.158568034,"{'dim': [], 'data_offset': 0}",[]
2023/07/03 16:50:55.258614773,"{'dim': [], 'data_offset': 0}",[]
2023/07/03 16:50:55.358559941,"{'dim': [], 'data_offset': 0}",[]
2023/07/03 16:50:55.457892908,"{'dim': [], 'data_offset': 0}",[]
2023/07/03 16:50:55.559050646,"{'dim': [], 'data_offset': 0}",[]
2023/07/03 16:50:55.658609808,"{'dim': [], 'data_offset': 0}",[]
2023/07/03 16:50:55.756697252,"{'dim': [], 'data_offset': 0}",[]
2023/07/03 16:50:55.857121971,"{'dim': [], 'data_offset': 0}",[]
2023/07/03 16:50:55.958380109,"{'dim': [], 'data_offset': 0}",[]
2023/07/03 16:50:56.58353050,"{'dim': [], 'data_offset': 0}",[]
2023/07/03 16:50:56.158405270,"{'dim': [], 'data_offset': 0}",[]
2023/07/03 16:50:56.258520398,"{'dim': [], 'data_offset': 0}",[]
2023/07/03 16:50:56.358572578,"{'dim': [], 'data_offset': 0}",[]
2023/07/03 16:50:56.458548997,"{'dim': [], 'data_offset': 0}",[]
2023/07/03 16:50:56.558563617,"{'dim': [], 'data_offset': 0}",[]
2023/07/03 16:50:56.658590639,"{'dim': [], 'data_offset': 0}",[]
2023/07/03 16:50:56.758583738,"{'dim': [], 'data_offset': 0}",[]
2023/07/03 16:50:56.858555789,"{'dim': [], 'data_offset': 0}",[]
2023/07/03 16:50:56.958562233,"{'dim': [], 'data_offset': 0}",[]
2023/07/03 16:50:57.58521308,"{'dim': [], 'data_offset': 0}",[]
2023/07/03 16:50:57.158537332,"{'dim': [], 'data_offset': 0}",[]
2023/07/03 16:50:57.258587680,"{'dim': [], 'data_offset': 0}",[]
2023/07/03 16:50:57.358614594,"{'dim': [], 'data_offset': 0}",[]
2023/07/03 16:50:57.458538526,"{'dim': [], 'data_offset': 0}",[]
2023/07/03 16:50:57.558531376,"{'dim': [], 'data_offset': 0}",[]
2023/07/03 16:50:57.658576966,"{'dim': [], 'data_offset': 0}",[]
2023/07/03 16:50:57.758535100,"{'dim': [], 'data_offset': 0}",[]
2023/07/03 16:50:57.858525373,"{'dim': [], 'data_offset': 0}",[]
2023/07/03 16:50:57.958541620,"{'dim': [], 'data_offset': 0}",[]
2023/07/03 16:50:58.58541566,"{'dim': [], 'data_offset': 0}",[]
2023/07/03 16:50:58.158558912,"{'dim': [], 'data_offset': 0}",[]
2023/07/03 16:50:58.258540883,"{'dim': [], 'data_offset': 0}",[]
2023/07/03 16:50:58.358577127,"{'dim': [], 'data_offset': 0}",[]
2023/07/03 16:50:58.458510767,"{'dim': [], 'data_offset': 0}",[]
2023/07/03 16:50:58.558537782,"{'dim': [], 'data_offset': 0}",[]
2023/07/03 16:50:58.658528881,"{'dim': [], 'data_offset': 0}",[]
2023/07/03 16:50:58.758548864,"{'dim': [], 'data_offset': 0}",[]
2023/07/03 16:50:58.858546231,"{'dim': [], 'data_offset': 0}",[]
2023/07/03 16:50:58.958524317,"{'dim': [], 'data_offset': 0}",[]
2023/07/03 16:50:59.58527570,"{'dim': [], 'data_offset': 0}",[]
2023/07/03 16:50:59.158544607,"{'dim': [], 'data_offset': 0}",[]
2023/07/03 16:50:59.258496915,"{'dim': [], 'data_offset': 0}",[]
2023/07/03 16:50:59.358551643,"{'dim': [], 'data_offset': 0}",[]
2023/07/03 16:50:59.458563833,"{'dim': [], 'data_offset': 0}",[]
2023/07/03 16:50:59.558527260,"{'dim': [], 'data_offset': 0}",[]
2023/07/03 16:50:59.658537536,"{'dim': [], 'data_offset': 0}",[]
2023/07/03 16:50:59.758549584,"{'dim': [], 'data_offset': 0}",[]
2023/07/03 16:50:59.858547117,"{'dim': [], 'data_offset': 0}",[]
2023/07/03 16:50:59.958570288,"{'dim': [], 'data_offset': 0}",[]
2023/07/03 16:51:00.58499452,"{'dim': [], 'data_offset': 0}",[]
2023/07/03 16:51:00.158620418,"{'dim': [], 'data_offset': 0}",[]
2023/07/03 16:51:00.258495941,"{'dim': [], 'data_offset': 0}",[]
2023/07/03 16:51:00.358560680,"{'dim': [], 'data_offset': 0}",[]
2023/07/03 16:51:00.458587319,"{'dim': [], 'data_offset': 0}",[]
2023/07/03 16:51:00.558533545,"{'dim': [], 'data_offset': 0}",[]
2023/07/03 16:51:00.658564801,"{'dim': [], 'data_offset': 0}",[]
2023/07/03 16:51:00.758570961,"{'dim': [], 'data_offset': 0}",[]
2023/07/03 16:51:00.858577862,"{'dim': [], 'data_offset': 0}",[]
2023/07/03 16:51:00.958541460,"{'dim': [], 'data_offset': 0}",[]
2023/07/03 16:51:01.58538443,"{'dim': [], 'data_offset': 0}",[]
2023/07/03 16:51:01.158528103,"{'dim': [], 'data_offset': 0}",[]
2023/07/03 16:51:01.258485973,"{'dim': [], 'data_offset': 0}",[]
2023/07/03 16:51:01.358520577,"{'dim': [], 'data_offset': 0}",[]
2023/07/03 16:51:01.458549500,"{'dim': [], 'data_offset': 0}",[]
2023/07/03 16:51:01.558531064,"{'dim': [], 'data_offset': 0}",[]
2023/07/03 16:51:01.658571770,"{'dim': [], 'data_offset': 0}",[]
2023/07/03 16:51:01.758481389,"{'dim': [], 'data_offset': 0}",[]
2023/07/03 16:51:01.858482642,"{'dim': [], 'data_offset': 0}",[]
2023/07/03 16:51:01.958558894,"{'dim': [], 'data_offset': 0}",[]
2023/07/03 16:51:02.58495634,"{'dim': [], 'data_offset': 0}",[]
2023/07/03 16:51:02.158542202,"{'dim': [], 'data_offset': 0}",[]
2023/07/03 16:51:02.258500386,"{'dim': [], 'data_offset': 0}",[]
2023/07/03 16:51:02.358540721,"{'dim': [], 'data_offset': 0}",[]
2023/07/03 16:51:02.458501818,"{'dim': [], 'data_offset': 0}",[]
2023/07/03 16:51:02.558558204,"{'dim': [], 'data_offset': 0}",[]
2023/07/03 16:51:02.658554598,"{'dim': [], 'data_offset': 0}",[]
2023/07/03 16:51:02.758545161,"{'dim': [], 'data_offset': 0}",[]
2023/07/03 16:51:02.856548146,"{'dim': [], 'data_offset': 0}",[]
2023/07/03 16:51:02.957268010,"{'dim': [], 'data_offset': 0}",[]
2023/07/03 16:51:03.58578335,"{'dim': [], 'data_offset': 0}",[]
2023/07/03 16:51:03.158401544,"{'dim': [], 'data_offset': 0}",[]
2023/07/03 16:51:03.258468472,"{'dim': [], 'data_offset': 0}",[]
2023/07/03 16:51:03.358478220,"{'dim': [], 'data_offset': 0}",[]
2023/07/03 16:51:03.458404161,"{'dim': [], 'data_offset': 0}",[]
2023/07/03 16:51:03.558481629,"{'dim': [], 'data_offset': 0}",[]
2023/07/03 16:51:03.658473486,"{'dim': [], 'data_offset': 0}",[]
2023/07/03 16:51:03.758453249,"{'dim': [], 'data_offset': 0}",[]
2023/07/03 16:51:03.858441469,"{'dim': [], 'data_offset': 0}",[]
2023/07/03 16:51:03.958472569,"{'dim': [], 'data_offset': 0}",[]
2023/07/03 16:51:04.58511565,"{'dim': [], 'data_offset': 0}",[]
2023/07/03 16:51:04.158551003,"{'dim': [], 'data_offset': 0}",[]
2023/07/03 16:51:04.258590151,"{'dim': [], 'data_offset': 0}",[]
2023/07/03 16:51:04.358516415,"{'dim': [], 'data_offset': 0}",[]
2023/07/03 16:51:04.458491973,"{'dim': [], 'data_offset': 0}",[]
2023/07/03 16:51:04.558483139,"{'dim': [], 'data_offset': 0}",[]
2023/07/03 16:51:04.658521144,"{'dim': [], 'data_offset': 0}",[]
2023/07/03 16:51:04.758522169,"{'dim': [], 'data_offset': 0}",[]
2023/07/03 16:51:04.858499589,"{'dim': [], 'data_offset': 0}",[]
2023/07/03 16:51:04.958476770,"{'dim': [], 'data_offset': 0}",[]
2023/07/03 16:51:05.58623600,"{'dim': [], 'data_offset': 0}",[]
2023/07/03 16:51:05.158504351,"{'dim': [], 'data_offset': 0}",[]
2023/07/03 16:51:05.258582796,"{'dim': [], 'data_offset': 0}",[]
2023/07/03 16:51:05.358496914,"{'dim': [], 'data_offset': 0}",[]
2023/07/03 16:51:05.458530231,"{'dim': [], 'data_offset': 0}",[]
2023/07/03 16:51:05.558512742,"{'dim': [], 'data_offset': 0}",[]
2023/07/03 16:51:05.658507176,"{'dim': [], 'data_offset': 0}",[]
2023/07/03 16:51:05.758508132,"{'dim': [], 'data_offset': 0}",[]
2023/07/03 16:51:05.858506233,"{'dim': [], 'data_offset': 0}",[]
2023/07/03 16:51:05.958561802,"{'dim': [], 'data_offset': 0}",[]
2023/07/03 16:51:06.58609846,"{'dim': [], 'data_offset': 0}",[]
2023/07/03 16:51:06.158839584,"{'dim': [], 'data_offset': 0}",[]
2023/07/03 16:51:06.258545097,"{'dim': [], 'data_offset': 0}",[]
2023/07/03 16:51:06.358475882,"{'dim': [], 'data_offset': 0}",[]
2023/07/03 16:51:06.456725537,"{'dim': [], 'data_offset': 0}",[]
2023/07/03 16:51:06.556729109,"{'dim': [], 'data_offset': 0}",[]
2023/07/03 16:51:06.658877466,"{'dim': [], 'data_offset': 0}",[]
2023/07/03 16:51:06.758853787,"{'dim': [], 'data_offset': 0}",[]
2023/07/03 16:51:06.858865805,"{'dim': [], 'data_offset': 0}",[]
2023/07/03 16:51:06.958496316,"{'dim': [], 'data_offset': 0}",[]
2023/07/03 16:51:07.58501773,"{'dim': [], 'data_offset': 0}",[]
2023/07/03 16:51:07.158525555,"{'dim': [], 'data_offset': 0}",[]
2023/07/03 16:51:07.258524451,"{'dim': [], 'data_offset': 0}",[]
2023/07/03 16:51:07.358509981,"{'dim': [], 'data_offset': 0}",[]
2023/07/03 16:51:07.458508646,"{'dim': [], 'data_offset': 0}",[]
2023/07/03 16:51:07.558500217,"{'dim': [], 'data_offset': 0}",[]
2023/07/03 16:51:07.658484435,"{'dim': [], 'data_offset': 0}",[]
2023/07/03 16:51:07.758508005,"{'dim': [], 'data_offset': 0}",[]
2023/07/03 16:51:07.858475152,"{'dim': [], 'data_offset': 0}",[]
2023/07/03 16:51:07.958521438,"{'dim': [], 'data_offset': 0}",[]
2023/07/03 16:51:08.58464780,"{'dim': [], 'data_offset': 0}",[]
2023/07/03 16:51:08.158492580,"{'dim': [], 'data_offset': 0}",[]
2023/07/03 16:51:08.258835263,"{'dim': [], 'data_offset': 0}",[]
2023/07/03 16:51:08.358611100,"{'dim': [], 'data_offset': 0}",[]
2023/07/03 16:51:08.458596813,"{'dim': [], 'data_offset': 0}",[]
2023/07/03 16:51:08.558568608,"{'dim': [], 'data_offset': 0}",[]
2023/07/03 16:51:08.658486111,"{'dim': [], 'data_offset': 0}",[]
2023/07/03 16:51:08.758486170,"{'dim': [], 'data_offset': 0}",[]
2023/07/03 16:51:08.858475127,"{'dim': [], 'data_offset': 0}",[]
2023/07/03 16:51:08.958550006,"{'dim': [], 'data_offset': 0}",[]
2023/07/03 16:51:09.58474714,"{'dim': [], 'data_offset': 0}",[]
2023/07/03 16:51:09.158517613,"{'dim': [], 'data_offset': 0}",[]
2023/07/03 16:51:09.258549754,"{'dim': [], 'data_offset': 0}",[]
2023/07/03 16:51:09.358487656,"{'dim': [], 'data_offset': 0}",[]
2023/07/03 16:51:09.458505750,"{'dim': [], 'data_offset': 0}",[]
2023/07/03 16:51:09.558506711,"{'dim': [], 'data_offset': 0}",[]
2023/07/03 16:51:09.658515267,"{'dim': [], 'data_offset': 0}",[]
2023/07/03 16:51:09.758518312,"{'dim': [], 'data_offset': 0}",[]
2023/07/03 16:51:09.858824138,"{'dim': [], 'data_offset': 0}",[]
2023/07/03 16:51:09.958463550,"{'dim': [], 'data_offset': 0}",[]
2023/07/03 16:51:10.58492203,"{'dim': [], 'data_offset': 0}",[]
2023/07/03 16:51:10.158513996,"{'dim': [], 'data_offset': 0}",[]
2023/07/03 16:51:10.258826995,"{'dim': [], 'data_offset': 0}",[]
2023/07/03 16:51:10.358982068,"{'dim': [], 'data_offset': 0}",[]
2023/07/03 16:51:10.458609638,"{'dim': [], 'data_offset': 0}",[]
2023/07/03 16:51:10.558516974,"{'dim': [], 'data_offset': 0}",[]
2023/07/03 16:51:10.658635338,"{'dim': [], 'data_offset': 0}",[]
2023/07/03 16:51:10.758513360,"{'dim': [], 'data_offset': 0}",[]
2023/07/03 16:51:10.858672861,"{'dim': [], 'data_offset': 0}",[]
2023/07/03 16:51:10.958503656,"{'dim': [], 'data_offset': 0}",[]
2023/07/03 16:51:11.58484391,"{'dim': [], 'data_offset': 0}",[]
2023/07/03 16:51:11.158531282,"{'dim': [], 'data_offset': 0}",[]
2023/07/03 16:51:11.258503402,"{'dim': [], 'data_offset': 0}",[]
2023/07/03 16:51:11.358511068,"{'dim': [], 'data_offset': 0}",[]
2023/07/03 16:51:11.458521641,"{'dim': [], 'data_offset': 0}",[]
2023/07/03 16:51:11.558537303,"{'dim': [], 'data_offset': 0}",[]
2023/07/03 16:51:11.657902069,"{'dim': [], 'data_offset': 0}",[]
2023/07/03 16:51:11.758604393,"{'dim': [], 'data_offset': 0}",[]
2023/07/03 16:51:11.858523973,"{'dim': [], 'data_offset': 0}",[]
2023/07/03 16:51:11.958533184,"{'dim': [], 'data_offset': 0}",[]
2023/07/03 16:51:12.58487070,"{'dim': [], 'data_offset': 0}",[]
2023/07/03 16:51:12.158519866,"{'dim': [], 'data_offset': 0}",[]
2023/07/03 16:51:12.258432865,"{'dim': [], 'data_offset': 0}",[]
2023/07/03 16:51:12.358455222,"{'dim': [], 'data_offset': 0}",[]
2023/07/03 16:51:12.458510439,"{'dim': [], 'data_offset': 0}",[]
2023/07/03 16:51:12.558498662,"{'dim': [], 'data_offset': 0}",[]
2023/07/03 16:51:12.658513124,"{'dim': [], 'data_offset': 0}",[]
2023/07/03 16:51:12.758493280,"{'dim': [], 'data_offset': 0}",[]
2023/07/03 16:51:12.858490208,"{'dim': [], 'data_offset': 0}",[]
2023/07/03 16:51:12.958473470,"{'dim': [], 'data_offset': 0}",[]
2023/07/03 16:51:13.58512658,"{'dim': [], 'data_offset': 0}",[]
2023/07/03 16:51:13.158528453,"{'dim': [], 'data_offset': 0}",[]
2023/07/03 16:51:13.258491609,"{'dim': [], 'data_offset': 0}",[]
2023/07/03 16:51:13.358499209,"{'dim': [], 'data_offset': 0}",[]
2023/07/03 16:51:13.458513590,"{'dim': [], 'data_offset': 0}",[]
2023/07/03 16:51:13.558471264,"{'dim': [], 'data_offset': 0}",[]
2023/07/03 16:51:13.658490195,"{'dim': [], 'data_offset': 0}",[]
2023/07/03 16:51:13.758489308,"{'dim': [], 'data_offset': 0}",[]
2023/07/03 16:51:13.858486958,"{'dim': [], 'data_offset': 0}",[]
2023/07/03 16:51:13.957884762,"{'dim': [], 'data_offset': 0}",[]
2023/07/03 16:51:14.58524560,"{'dim': [], 'data_offset': 0}",[]
2023/07/03 16:51:14.158677765,"{'dim': [], 'data_offset': 0}",[]
2023/07/03 16:51:14.258466965,"{'dim': [], 'data_offset': 0}",[]
2023/07/03 16:51:14.358540638,"{'dim': [], 'data_offset': 0}",[]
2023/07/03 16:51:14.458473999,"{'dim': [], 'data_offset': 0}",[]
2023/07/03 16:51:14.558496698,"{'dim': [], 'data_offset': 0}",[]
2023/07/03 16:51:14.658436091,"{'dim': [], 'data_offset': 0}",[]
2023/07/03 16:51:14.758517881,"{'dim': [], 'data_offset': 0}",[]
2023/07/03 16:51:14.858508630,"{'dim': [], 'data_offset': 0}",[]
2023/07/03 16:51:14.958506743,"{'dim': [], 'data_offset': 0}",[]
2023/07/03 16:51:15.58476793,"{'dim': [], 'data_offset': 0}",[]
2023/07/03 16:51:15.158474597,"{'dim': [], 'data_offset': 0}",[]
2023/07/03 16:51:15.258422485,"{'dim': [], 'data_offset': 0}",[]
2023/07/03 16:51:15.358475454,"{'dim': [], 'data_offset': 0}",[]
2023/07/03 16:51:15.458421139,"{'dim': [], 'data_offset': 0}",[]
2023/07/03 16:51:15.558432559,"{'dim': [], 'data_offset': 0}",[]
2023/07/03 16:51:15.658484215,"{'dim': [], 'data_offset': 0}",[]
2023/07/03 16:51:15.758511655,"{'dim': [], 'data_offset': 0}",[]
2023/07/03 16:51:15.858408136,"{'dim': [], 'data_offset': 0}",[]
2023/07/03 16:51:15.958380774,"{'dim': [], 'data_offset': 0}",[]
2023/07/03 16:51:16.58503843,"{'dim': [], 'data_offset': 0}",[]
2023/07/03 16:51:16.158482432,"{'dim': [], 'data_offset': 0}",[]
2023/07/03 16:51:16.258506887,"{'dim': [], 'data_offset': 0}",[]
2023/07/03 16:51:16.358501847,"{'dim': [], 'data_offset': 0}",[]
2023/07/03 16:51:16.458473763,"{'dim': [], 'data_offset': 0}",[]
2023/07/03 16:51:16.558481446,"{'dim': [], 'data_offset': 0}",[]
2023/07/03 16:51:16.658560935,"{'dim': [], 'data_offset': 0}",[]
2023/07/03 16:51:16.758504868,"{'dim': [], 'data_offset': 0}",[]
2023/07/03 16:51:16.858510077,"{'dim': [], 'data_offset': 0}",[]
2023/07/03 16:51:16.958552506,"{'dim': [], 'data_offset': 0}",[]
2023/07/03 16:51:17.57905177,"{'dim': [], 'data_offset': 0}",[]
2023/07/03 16:51:17.158535625,"{'dim': [], 'data_offset': 0}",[]
2023/07/03 16:51:17.258108391,"{'dim': [], 'data_offset': 0}",[]
2023/07/03 16:51:17.358534733,"{'dim': [], 'data_offset': 0}",[]
2023/07/03 16:51:17.458518374,"{'dim': [], 'data_offset': 0}",[]
2023/07/03 16:51:17.557914096,"{'dim': [], 'data_offset': 0}",[]
2023/07/03 16:51:17.658547217,"{'dim': [], 'data_offset': 0}",[]
2023/07/03 16:51:17.758479439,"{'dim': [], 'data_offset': 0}",[]
2023/07/03 16:51:17.858037077,"{'dim': [], 'data_offset': 0}",[]
2023/07/03 16:51:17.958497033,"{'dim': [], 'data_offset': 0}",[]
2023/07/03 16:51:18.58538903,"{'dim': [], 'data_offset': 0}",[]
2023/07/03 16:51:18.157884707,"{'dim': [], 'data_offset': 0}",[]
2023/07/03 16:51:18.257857315,"{'dim': [], 'data_offset': 0}",[]
2023/07/03 16:51:18.357789570,"{'dim': [], 'data_offset': 0}",[]
2023/07/03 16:51:18.458504957,"{'dim': [], 'data_offset': 0}",[]
2023/07/03 16:51:18.558493318,"{'dim': [], 'data_offset': 0}",[]
2023/07/03 16:51:18.658503007,"{'dim': [], 'data_offset': 0}",[]
2023/07/03 16:51:18.758514201,"{'dim': [], 'data_offset': 0}",[]
2023/07/03 16:51:18.858514633,"{'dim': [], 'data_offset': 0}",[]
2023/07/03 16:51:18.958508322,"{'dim': [], 'data_offset': 0}",[]
2023/07/03 16:51:19.58559471,"{'dim': [], 'data_offset': 0}",[]
2023/07/03 16:51:19.158496224,"{'dim': [], 'data_offset': 0}",[]
2023/07/03 16:51:19.258451562,"{'dim': [], 'data_offset': 0}",[]
2023/07/03 16:51:19.358471453,"{'dim': [], 'data_offset': 0}",[]
2023/07/03 16:51:19.458522922,"{'dim': [], 'data_offset': 0}",[]
2023/07/03 16:51:19.558543345,"{'dim': [], 'data_offset': 0}",[]
2023/07/03 16:51:19.658522508,"{'dim': [], 'data_offset': 0}",[]
2023/07/03 16:51:19.758516389,"{'dim': [], 'data_offset': 0}",[]
2023/07/03 16:51:19.858513930,"{'dim': [], 'data_offset': 0}",[]
2023/07/03 16:51:19.958491300,"{'dim': [], 'data_offset': 0}",[]
2023/07/03 16:51:20.58540345,"{'dim': [], 'data_offset': 0}",[]
2023/07/03 16:51:20.158534550,"{'dim': [], 'data_offset': 0}",[]
2023/07/03 16:51:20.257971895,"{'dim': [], 'data_offset': 0}",[]
2023/07/03 16:51:20.358594060,"{'dim': [], 'data_offset': 0}",[]
2023/07/03 16:51:20.458518152,"{'dim': [], 'data_offset': 0}",[]
2023/07/03 16:51:20.558502556,"{'dim': [], 'data_offset': 0}",[]
2023/07/03 16:51:20.658496910,"{'dim': [], 'data_offset': 0}",[]
2023/07/03 16:51:20.758607903,"{'dim': [], 'data_offset': 0}",[]
2023/07/03 16:51:20.858480849,"{'dim': [], 'data_offset': 0}",[]
2023/07/03 16:51:20.958516719,"{'dim': [], 'data_offset': 0}",[]
2023/07/03 16:51:21.58519516,"{'dim': [], 'data_offset': 0}",[]
2023/07/03 16:51:21.158491541,"{'dim': [], 'data_offset': 0}",[]
2023/07/03 16:51:21.258507696,"{'dim': [], 'data_offset': 0}",[]
2023/07/03 16:51:21.358517260,"{'dim': [], 'data_offset': 0}",[]
2023/07/03 16:51:21.458455600,"{'dim': [], 'data_offset': 0}",[]
2023/07/03 16:51:21.558491573,"{'dim': [], 'data_offset': 0}",[]
2023/07/03 16:51:21.658500055,"{'dim': [], 'data_offset': 0}",[]
2023/07/03 16:51:21.758519896,"{'dim': [], 'data_offset': 0}",[]
2023/07/03 16:51:21.858479875,"{'dim': [], 'data_offset': 0}",[]
2023/07/03 16:51:21.958512782,"{'dim': [], 'data_offset': 0}",[]
2023/07/03 16:51:22.58537766,"{'dim': [], 'data_offset': 0}",[]
2023/07/03 16:51:22.158493709,"{'dim': [], 'data_offset': 0}",[]
2023/07/03 16:51:22.258533912,"{'dim': [], 'data_offset': 0}",[]
2023/07/03 16:51:22.358501388,"{'dim': [], 'data_offset': 0}",[]
2023/07/03 16:51:22.458501294,"{'dim': [], 'data_offset': 0}",[]
2023/07/03 16:51:22.558504707,"{'dim': [], 'data_offset': 0}",[]
2023/07/03 16:51:22.657922979,"{'dim': [], 'data_offset': 0}",[]
2023/07/03 16:51:22.758550608,"{'dim': [], 'data_offset': 0}",[]
2023/07/03 16:51:22.858550173,"{'dim': [], 'data_offset': 0}",[]
2023/07/03 16:51:22.958519993,"{'dim': [], 'data_offset': 0}",[]
2023/07/03 16:51:23.58499603,"{'dim': [], 'data_offset': 0}",[]
2023/07/03 16:51:23.158477018,"{'dim': [], 'data_offset': 0}",[]
2023/07/03 16:51:23.258487295,"{'dim': [], 'data_offset': 0}",[]
2023/07/03 16:51:23.358508783,"{'dim': [], 'data_offset': 0}",[]
2023/07/03 16:51:23.458481409,"{'dim': [], 'data_offset': 0}",[]
2023/07/03 16:51:23.558515862,"{'dim': [], 'data_offset': 0}",[]
2023/07/03 16:51:23.658455107,"{'dim': [], 'data_offset': 0}",[]
2023/07/03 16:51:23.758498024,"{'dim': [], 'data_offset': 0}",[]
2023/07/03 16:51:23.858497774,"{'dim': [], 'data_offset': 0}",[]
2023/07/03 16:51:23.958552515,"{'dim': [], 'data_offset': 0}",[]
2023/07/03 16:51:24.58525563,"{'dim': [], 'data_offset': 0}",[]
2023/07/03 16:51:24.158529740,"{'dim': [], 'data_offset': 0}",[]
2023/07/03 16:51:24.258549757,"{'dim': [], 'data_offset': 0}",[]
2023/07/03 16:51:24.357966880,"{'dim': [], 'data_offset': 0}",[]
2023/07/03 16:51:24.458420202,"{'dim': [], 'data_offset': 0}",[]
2023/07/03 16:51:24.558428978,"{'dim': [], 'data_offset': 0}",[]
2023/07/03 16:51:24.658415413,"{'dim': [], 'data_offset': 0}",[]
2023/07/03 16:51:24.758573579,"{'dim': [], 'data_offset': 0}",[]
2023/07/03 16:51:24.858458032,"{'dim': [], 'data_offset': 0}",[]
2023/07/03 16:51:24.958490612,"{'dim': [], 'data_offset': 0}",[]
2023/07/03 16:51:25.58427734,"{'dim': [], 'data_offset': 0}",[]
2023/07/03 16:51:25.158567407,"{'dim': [], 'data_offset': 0}",[]
2023/07/03 16:51:25.258565775,"{'dim': [], 'data_offset': 0}",[]
2023/07/03 16:51:25.358536711,"{'dim': [], 'data_offset': 0}",[]
2023/07/03 16:51:25.458524639,"{'dim': [], 'data_offset': 0}",[]
2023/07/03 16:51:25.558540932,"{'dim': [], 'data_offset': 0}",[]
2023/07/03 16:51:25.658388354,"{'dim': [], 'data_offset': 0}",[]
2023/07/03 16:51:25.757945742,"{'dim': [], 'data_offset': 0}",[]
2023/07/03 16:51:25.858495326,"{'dim': [], 'data_offset': 0}",[]
2023/07/03 16:51:25.958549669,"{'dim': [], 'data_offset': 0}",[]
2023/07/03 16:51:26.58545934,"{'dim': [], 'data_offset': 0}",[]
2023/07/03 16:51:26.158482867,"{'dim': [], 'data_offset': 0}",[]
2023/07/03 16:51:26.258789925,"{'dim': [], 'data_offset': 0}",[]
2023/07/03 16:51:26.358576486,"{'dim': [], 'data_offset': 0}",[]
2023/07/03 16:51:26.458576788,"{'dim': [], 'data_offset': 0}",[]
2023/07/03 16:51:26.557855924,"{'dim': [], 'data_offset': 0}",[]
2023/07/03 16:51:26.658496432,"{'dim': [], 'data_offset': 0}",[]
2023/07/03 16:51:26.758490963,"{'dim': [], 'data_offset': 0}",[]
2023/07/03 16:51:26.858478150,"{'dim': [], 'data_offset': 0}",[]
2023/07/03 16:51:26.958292533,"{'dim': [], 'data_offset': 0}",[]
2023/07/03 16:51:27.58444682,"{'dim': [], 'data_offset': 0}",[]
2023/07/03 16:51:27.158528242,"{'dim': [], 'data_offset': 0}",[]
2023/07/03 16:51:27.258481928,"{'dim': [], 'data_offset': 0}",[]
2023/07/03 16:51:27.358506146,"{'dim': [], 'data_offset': 0}",[]
2023/07/03 16:51:27.458516319,"{'dim': [], 'data_offset': 0}",[]
2023/07/03 16:51:27.558517322,"{'dim': [], 'data_offset': 0}",[]
2023/07/03 16:51:27.658470108,"{'dim': [], 'data_offset': 0}",[]
2023/07/03 16:51:27.758520575,"{'dim': [], 'data_offset': 0}",[]
2023/07/03 16:51:27.858473671,"{'dim': [], 'data_offset': 0}",[]
2023/07/03 16:51:27.958499071,"{'dim': [], 'data_offset': 0}",[]
2023/07/03 16:51:28.58512831,"{'dim': [], 'data_offset': 0}",[]
2023/07/03 16:51:28.158508265,"{'dim': [], 'data_offset': 0}",[]
2023/07/03 16:51:28.258561402,"{'dim': [], 'data_offset': 0}",[]
2023/07/03 16:51:28.358526401,"{'dim': [], 'data_offset': 0}",[]
2023/07/03 16:51:28.458462254,"{'dim': [], 'data_offset': 0}",[]
2023/07/03 16:51:28.558472768,"{'dim': [], 'data_offset': 0}",[]
2023/07/03 16:51:28.658544077,"{'dim': [], 'data_offset': 0}",[]
2023/07/03 16:51:28.758513433,"{'dim': [], 'data_offset': 0}",[]
2023/07/03 16:51:28.858471149,"{'dim': [], 'data_offset': 0}",[]
2023/07/03 16:51:28.958494025,"{'dim': [], 'data_offset': 0}",[]
2023/07/03 16:51:29.58539995,"{'dim': [], 'data_offset': 0}",[]
2023/07/03 16:51:29.158491300,"{'dim': [], 'data_offset': 0}",[]
2023/07/03 16:51:29.258466540,"{'dim': [], 'data_offset': 0}",[]
2023/07/03 16:51:29.358517952,"{'dim': [], 'data_offset': 0}",[]
2023/07/03 16:51:29.458496889,"{'dim': [], 'data_offset': 0}",[]
2023/07/03 16:51:29.558536429,"{'dim': [], 'data_offset': 0}",[]
2023/07/03 16:51:29.658561341,"{'dim': [], 'data_offset': 0}",[]
2023/07/03 16:51:29.758597856,"{'dim': [], 'data_offset': 0}",[]
2023/07/03 16:51:29.858534943,"{'dim': [], 'data_offset': 0}",[]
2023/07/03 16:51:29.958484003,"{'dim': [], 'data_offset': 0}",[]
2023/07/03 16:51:30.58465776,"{'dim': [], 'data_offset': 0}",[]
2023/07/03 16:51:30.158512110,"{'dim': [], 'data_offset': 0}",[]
2023/07/03 16:51:30.258443798,"{'dim': [], 'data_offset': 0}",[]
2023/07/03 16:51:30.358460958,"{'dim': [], 'data_offset': 0}",[]
2023/07/03 16:51:30.458498015,"{'dim': [], 'data_offset': 0}",[]
2023/07/03 16:51:30.558453257,"{'dim': [], 'data_offset': 0}",[]
2023/07/03 16:51:30.658527733,"{'dim': [], 'data_offset': 0}",[]
2023/07/03 16:51:30.758456977,"{'dim': [], 'data_offset': 0}",[]
2023/07/03 16:51:30.858479748,"{'dim': [], 'data_offset': 0}",[]
2023/07/03 16:51:30.958444047,"{'dim': [], 'data_offset': 0}",[]
2023/07/03 16:51:31.58517645,"{'dim': [], 'data_offset': 0}",[]
2023/07/03 16:51:31.158546356,"{'dim': [], 'data_offset': 0}",[]
2023/07/03 16:51:31.258071382,"{'dim': [], 'data_offset': 0}",[]
2023/07/03 16:51:31.358601046,"{'dim': [], 'data_offset': 0}",[]
2023/07/03 16:51:31.458576549,"{'dim': [], 'data_offset': 0}",[]
2023/07/03 16:51:31.558641900,"{'dim': [], 'data_offset': 0}",[]
2023/07/03 16:51:31.658610138,"{'dim': [], 'data_offset': 0}",[]
2023/07/03 16:51:31.758560754,"{'dim': [], 'data_offset': 0}",[]
2023/07/03 16:51:31.858534032,"{'dim': [], 'data_offset': 0}",[]
2023/07/03 16:51:31.958543469,"{'dim': [], 'data_offset': 0}",[]
2023/07/03 16:51:32.58533379,"{'dim': [], 'data_offset': 0}",[]
2023/07/03 16:51:32.158508852,"{'dim': [], 'data_offset': 0}",[]
2023/07/03 16:51:32.258520363,"{'dim': [], 'data_offset': 0}",[]
2023/07/03 16:51:32.358562141,"{'dim': [], 'data_offset': 0}",[]
2023/07/03 16:51:32.458528927,"{'dim': [], 'data_offset': 0}",[]
2023/07/03 16:51:32.558656107,"{'dim': [], 'data_offset': 0}",[]
2023/07/03 16:51:32.658557964,"{'dim': [], 'data_offset': 0}",[]
2023/07/03 16:51:32.758546261,"{'dim': [], 'data_offset': 0}",[]
2023/07/03 16:51:32.858541882,"{'dim': [], 'data_offset': 0}",[]
2023/07/03 16:51:32.958564965,"{'dim': [], 'data_offset': 0}",[]
2023/07/03 16:51:33.58545119,"{'dim': [], 'data_offset': 0}",[]
2023/07/03 16:51:33.158501187,"{'dim': [], 'data_offset': 0}",[]
2023/07/03 16:51:33.258582531,"{'dim': [], 'data_offset': 0}",[]
2023/07/03 16:51:33.358534783,"{'dim': [], 'data_offset': 0}",[]
2023/07/03 16:51:33.458529423,"{'dim': [], 'data_offset': 0}",[]
2023/07/03 16:51:33.558496200,"{'dim': [], 'data_offset': 0}",[]
2023/07/03 16:51:33.658507743,"{'dim': [], 'data_offset': 0}",[]
2023/07/03 16:51:33.758495131,"{'dim': [], 'data_offset': 0}",[]
2023/07/03 16:51:33.858553812,"{'dim': [], 'data_offset': 0}",[]
2023/07/03 16:51:33.958546730,"{'dim': [], 'data_offset': 0}",[]
2023/07/03 16:51:34.58483323,"{'dim': [], 'data_offset': 0}",[]
2023/07/03 16:51:34.158784904,"{'dim': [], 'data_offset': 0}",[]
2023/07/03 16:51:34.258467690,"{'dim': [], 'data_offset': 0}",[]
2023/07/03 16:51:34.358547180,"{'dim': [], 'data_offset': 0}",[]
2023/07/03 16:51:34.458543126,"{'dim': [], 'data_offset': 0}",[]
2023/07/03 16:51:34.558562183,"{'dim': [], 'data_offset': 0}",[]
2023/07/03 16:51:34.658562256,"{'dim': [], 'data_offset': 0}",[]
2023/07/03 16:51:34.758540147,"{'dim': [], 'data_offset': 0}",[]
2023/07/03 16:51:34.858456341,"{'dim': [], 'data_offset': 0}",[]
2023/07/03 16:51:34.958547064,"{'dim': [], 'data_offset': 0}",[]
2023/07/03 16:51:35.58530877,"{'dim': [], 'data_offset': 0}",[]
2023/07/03 16:51:35.158540828,"{'dim': [], 'data_offset': 0}",[]
2023/07/03 16:51:35.258509284,"{'dim': [], 'data_offset': 0}",[]
2023/07/03 16:51:35.358559432,"{'dim': [], 'data_offset': 0}",[]
2023/07/03 16:51:35.458550488,"{'dim': [], 'data_offset': 0}",[]
2023/07/03 16:51:35.558555541,"{'dim': [], 'data_offset': 0}",[]
2023/07/03 16:51:35.658506332,"{'dim': [], 'data_offset': 0}",[]
2023/07/03 16:51:35.758553905,"{'dim': [], 'data_offset': 0}",[]
2023/07/03 16:51:35.858499166,"{'dim': [], 'data_offset': 0}",[]
2023/07/03 16:51:35.958551287,"{'dim': [], 'data_offset': 0}",[]
2023/07/03 16:51:36.58535542,"{'dim': [], 'data_offset': 0}",[]
2023/07/03 16:51:36.158483330,"{'dim': [], 'data_offset': 0}",[]
2023/07/03 16:51:36.258542394,"{'dim': [], 'data_offset': 0}",[]
2023/07/03 16:51:36.358494880,"{'dim': [], 'data_offset': 0}",[]
2023/07/03 16:51:36.458578462,"{'dim': [], 'data_offset': 0}",[]
2023/07/03 16:51:36.558534263,"{'dim': [], 'data_offset': 0}",[]
2023/07/03 16:51:36.658489273,"{'dim': [], 'data_offset': 0}",[]
2023/07/03 16:51:36.758494718,"{'dim': [], 'data_offset': 0}",[]
2023/07/03 16:51:36.858463514,"{'dim': [], 'data_offset': 0}",[]
2023/07/03 16:51:36.958470211,"{'dim': [], 'data_offset': 0}",[]
2023/07/03 16:51:37.58483892,"{'dim': [], 'data_offset': 0}",[]
2023/07/03 16:51:37.158500410,"{'dim': [], 'data_offset': 0}",[]
2023/07/03 16:51:37.258449797,"{'dim': [], 'data_offset': 0}",[]
2023/07/03 16:51:37.358517852,"{'dim': [], 'data_offset': 0}",[]
2023/07/03 16:51:37.458490547,"{'dim': [], 'data_offset': 0}",[]
2023/07/03 16:51:37.558532482,"{'dim': [], 'data_offset': 0}",[]
2023/07/03 16:51:37.657802163,"{'dim': [], 'data_offset': 0}",[]
2023/07/03 16:51:37.758593768,"{'dim': [], 'data_offset': 0}",[]
2023/07/03 16:51:37.858438392,"{'dim': [], 'data_offset': 0}",[]
2023/07/03 16:51:37.958549668,"{'dim': [], 'data_offset': 0}",[]
2023/07/03 16:51:38.58460366,"{'dim': [], 'data_offset': 0}",[]
2023/07/03 16:51:38.158443742,"{'dim': [], 'data_offset': 0}",[]
2023/07/03 16:51:38.258464749,"{'dim': [], 'data_offset': 0}",[]
2023/07/03 16:51:38.358447934,"{'dim': [], 'data_offset': 0}",[]
2023/07/03 16:51:38.458439325,"{'dim': [], 'data_offset': 0}",[]
2023/07/03 16:51:38.558495308,"{'dim': [], 'data_offset': 0}",[]
2023/07/03 16:51:38.658428640,"{'dim': [], 'data_offset': 0}",[]
2023/07/03 16:51:38.758512425,"{'dim': [], 'data_offset': 0}",[]
2023/07/03 16:51:38.858489799,"{'dim': [], 'data_offset': 0}",[]
2023/07/03 16:51:38.958545932,"{'dim': [], 'data_offset': 0}",[]
2023/07/03 16:51:39.58515511,"{'dim': [], 'data_offset': 0}",[]
2023/07/03 16:51:39.158470637,"{'dim': [], 'data_offset': 0}",[]
2023/07/03 16:51:39.258436711,"{'dim': [], 'data_offset': 0}",[]
2023/07/03 16:51:39.358423564,"{'dim': [], 'data_offset': 0}",[]
2023/07/03 16:51:39.458547506,"{'dim': [], 'data_offset': 0}",[]
2023/07/03 16:51:39.558474307,"{'dim': [], 'data_offset': 0}",[]
2023/07/03 16:51:39.658461522,"{'dim': [], 'data_offset': 0}",[]
2023/07/03 16:51:39.758423428,"{'dim': [], 'data_offset': 0}",[]
2023/07/03 16:51:39.858481696,"{'dim': [], 'data_offset': 0}",[]
2023/07/03 16:51:39.958505308,"{'dim': [], 'data_offset': 0}",[]
2023/07/03 16:51:40.58448902,"{'dim': [], 'data_offset': 0}",[]
2023/07/03 16:51:40.158462078,"{'dim': [], 'data_offset': 0}",[]
2023/07/03 16:51:40.258405001,"{'dim': [], 'data_offset': 0}",[]
2023/07/03 16:51:40.358459102,"{'dim': [], 'data_offset': 0}",[]
2023/07/03 16:51:40.458433433,"{'dim': [], 'data_offset': 0}",[]
2023/07/03 16:51:40.558455354,"{'dim': [], 'data_offset': 0}",[]
2023/07/03 16:51:40.658451036,"{'dim': [], 'data_offset': 0}",[]
2023/07/03 16:51:40.758472465,"{'dim': [], 'data_offset': 0}",[]
2023/07/03 16:51:40.858441817,"{'dim': [], 'data_offset': 0}",[]
2023/07/03 16:51:40.958428933,"{'dim': [], 'data_offset': 0}",[]
2023/07/03 16:51:41.58430446,"{'dim': [], 'data_offset': 0}",[]
2023/07/03 16:51:41.158478578,"{'dim': [], 'data_offset': 0}",[]
2023/07/03 16:51:41.258451509,"{'dim': [], 'data_offset': 0}",[]
2023/07/03 16:51:41.358517895,"{'dim': [], 'data_offset': 0}",[]
2023/07/03 16:51:41.458397559,"{'dim': [], 'data_offset': 0}",[]
2023/07/03 16:51:41.557774639,"{'dim': [], 'data_offset': 0}",[]
2023/07/03 16:51:41.658525120,"{'dim': [], 'data_offset': 0}",[]
2023/07/03 16:51:41.758537520,"{'dim': [], 'data_offset': 0}",[]
2023/07/03 16:51:41.858530794,"{'dim': [], 'data_offset': 0}",[]
2023/07/03 16:51:41.958554699,"{'dim': [], 'data_offset': 0}",[]
2023/07/03 16:51:42.58438391,"{'dim': [], 'data_offset': 0}",[]
2023/07/03 16:51:42.158466897,"{'dim': [], 'data_offset': 0}",[]
2023/07/03 16:51:42.258596233,"{'dim': [], 'data_offset': 0}",[]
2023/07/03 16:51:42.358580706,"{'dim': [], 'data_offset': 0}",[]
2023/07/03 16:51:42.458531155,"{'dim': [], 'data_offset': 0}",[]
2023/07/03 16:51:42.558525296,"{'dim': [], 'data_offset': 0}",[]
2023/07/03 16:51:42.658517704,"{'dim': [], 'data_offset': 0}",[]
2023/07/03 16:51:42.758538657,"{'dim': [], 'data_offset': 0}",[]
2023/07/03 16:51:42.858489766,"{'dim': [], 'data_offset': 0}",[]
2023/07/03 16:51:42.958529481,"{'dim': [], 'data_offset': 0}",[]
2023/07/03 16:51:43.58617270,"{'dim': [], 'data_offset': 0}",[]
2023/07/03 16:51:43.158575124,"{'dim': [], 'data_offset': 0}",[]
2023/07/03 16:51:43.258539652,"{'dim': [], 'data_offset': 0}",[]
2023/07/03 16:51:43.358560795,"{'dim': [], 'data_offset': 0}",[]
2023/07/03 16:51:43.458485376,"{'dim': [], 'data_offset': 0}",[]
2023/07/03 16:51:43.558509544,"{'dim': [], 'data_offset': 0}",[]
2023/07/03 16:51:43.658556576,"{'dim': [], 'data_offset': 0}",[]
2023/07/03 16:51:43.758507046,"{'dim': [], 'data_offset': 0}",[]
2023/07/03 16:51:43.858535002,"{'dim': [], 'data_offset': 0}",[]
2023/07/03 16:51:43.958577714,"{'dim': [], 'data_offset': 0}",[]
2023/07/03 16:51:44.58513377,"{'dim': [], 'data_offset': 0}",[]
2023/07/03 16:51:44.158549440,"{'dim': [], 'data_offset': 0}",[]
2023/07/03 16:51:44.258545116,"{'dim': [], 'data_offset': 0}",[]
2023/07/03 16:51:44.358560388,"{'dim': [], 'data_offset': 0}",[]
2023/07/03 16:51:44.458589579,"{'dim': [], 'data_offset': 0}",[]
2023/07/03 16:51:44.558626834,"{'dim': [], 'data_offset': 0}",[]
2023/07/03 16:51:44.658594709,"{'dim': [], 'data_offset': 0}",[]
2023/07/03 16:51:44.758555259,"{'dim': [], 'data_offset': 0}",[]
2023/07/03 16:51:44.858554383,"{'dim': [], 'data_offset': 0}",[]
2023/07/03 16:51:44.958562484,"{'dim': [], 'data_offset': 0}",[]
2023/07/03 16:51:45.58508247,"{'dim': [], 'data_offset': 0}",[]
2023/07/03 16:51:45.158602901,"{'dim': [], 'data_offset': 0}",[]
2023/07/03 16:51:45.258531442,"{'dim': [], 'data_offset': 0}",[]
2023/07/03 16:51:45.358486614,"{'dim': [], 'data_offset': 0}",[]
2023/07/03 16:51:45.458554257,"{'dim': [], 'data_offset': 0}",[]
2023/07/03 16:51:45.558531178,"{'dim': [], 'data_offset': 0}",[]
2023/07/03 16:51:45.658569417,"{'dim': [], 'data_offset': 0}",[]
2023/07/03 16:51:45.758552661,"{'dim': [], 'data_offset': 0}",[]
2023/07/03 16:51:45.858543671,"{'dim': [], 'data_offset': 0}",[]
2023/07/03 16:51:45.958585094,"{'dim': [], 'data_offset': 0}",[]
2023/07/03 16:51:46.58544745,"{'dim': [], 'data_offset': 0}",[]
2023/07/03 16:51:46.158545113,"{'dim': [], 'data_offset': 0}",[]
2023/07/03 16:51:46.258572692,"{'dim': [], 'data_offset': 0}",[]
2023/07/03 16:51:46.358530790,"{'dim': [], 'data_offset': 0}",[]
2023/07/03 16:51:46.458548541,"{'dim': [], 'data_offset': 0}",[]
2023/07/03 16:51:46.558511602,"{'dim': [], 'data_offset': 0}",[]
2023/07/03 16:51:46.658493946,"{'dim': [], 'data_offset': 0}",[]
2023/07/03 16:51:46.758570075,"{'dim': [], 'data_offset': 0}",[]
2023/07/03 16:51:46.858528545,"{'dim': [], 'data_offset': 0}",[]
2023/07/03 16:51:46.958560773,"{'dim': [], 'data_offset': 0}",[]
2023/07/03 16:51:47.58552465,"{'dim': [], 'data_offset': 0}",[]
2023/07/03 16:51:47.158553645,"{'dim': [], 'data_offset': 0}",[]
2023/07/03 16:51:47.258496206,"{'dim': [], 'data_offset': 0}",[]
2023/07/03 16:51:47.358492045,"{'dim': [], 'data_offset': 0}",[]
2023/07/03 16:51:47.458537950,"{'dim': [], 'data_offset': 0}",[]
2023/07/03 16:51:47.558523582,"{'dim': [], 'data_offset': 0}",[]
2023/07/03 16:51:47.658500246,"{'dim': [], 'data_offset': 0}",[]
2023/07/03 16:51:47.758562752,"{'dim': [], 'data_offset': 0}",[]
2023/07/03 16:51:47.856717991,"{'dim': [], 'data_offset': 0}",[]
2023/07/03 16:51:47.958600741,"{'dim': [], 'data_offset': 0}",[]
2023/07/03 16:51:48.57398709,"{'dim': [], 'data_offset': 0}",[]
2023/07/03 16:51:48.157450416,"{'dim': [], 'data_offset': 0}",[]
2023/07/03 16:51:48.257452339,"{'dim': [], 'data_offset': 0}",[]
2023/07/03 16:51:48.357422302,"{'dim': [], 'data_offset': 0}",[]
2023/07/03 16:51:48.457370884,"{'dim': [], 'data_offset': 0}",[]
2023/07/03 16:51:48.556656029,"{'dim': [], 'data_offset': 0}",[]
2023/07/03 16:51:48.656763340,"{'dim': [], 'data_offset': 0}",[]
2023/07/03 16:51:48.758578044,"{'dim': [], 'data_offset': 0}",[]
2023/07/03 16:51:48.857117727,"{'dim': [], 'data_offset': 0}",[]
2023/07/03 16:51:48.955404834,"{'dim': [], 'data_offset': 0}",[]
2023/07/03 16:51:49.58552275,"{'dim': [], 'data_offset': 0}",[]
2023/07/03 16:51:49.158599124,"{'dim': [], 'data_offset': 0}",[]
2023/07/03 16:51:49.258428475,"{'dim': [], 'data_offset': 0}",[]
2023/07/03 16:51:49.358529926,"{'dim': [], 'data_offset': 0}",[]
2023/07/03 16:51:49.458587896,"{'dim': [], 'data_offset': 0}",[]
2023/07/03 16:51:49.558430008,"{'dim': [], 'data_offset': 0}",[]
2023/07/03 16:51:49.658598455,"{'dim': [], 'data_offset': 0}",[]
2023/07/03 16:51:49.758616590,"{'dim': [], 'data_offset': 0}",[]
2023/07/03 16:51:49.858583859,"{'dim': [], 'data_offset': 0}",[]
2023/07/03 16:51:49.958586286,"{'dim': [], 'data_offset': 0}",[]
2023/07/03 16:51:50.58549087,"{'dim': [], 'data_offset': 0}",[]
2023/07/03 16:51:50.158648567,"{'dim': [], 'data_offset': 0}",[]
2023/07/03 16:51:50.257888809,"{'dim': [], 'data_offset': 0}",[]
2023/07/03 16:51:50.357878973,"{'dim': [], 'data_offset': 0}",[]
2023/07/03 16:51:50.458539328,"{'dim': [], 'data_offset': 0}",[]
2023/07/03 16:51:50.558556984,"{'dim': [], 'data_offset': 0}",[]
2023/07/03 16:51:50.658541246,"{'dim': [], 'data_offset': 0}",[]
2023/07/03 16:51:50.758554594,"{'dim': [], 'data_offset': 0}",[]
2023/07/03 16:51:50.858583159,"{'dim': [], 'data_offset': 0}",[]
2023/07/03 16:51:50.958582730,"{'dim': [], 'data_offset': 0}",[]
2023/07/03 16:51:51.58564036,"{'dim': [], 'data_offset': 0}",[]
2023/07/03 16:51:51.158547670,"{'dim': [], 'data_offset': 0}",[]
2023/07/03 16:51:51.258541332,"{'dim': [], 'data_offset': 0}",[]
2023/07/03 16:51:51.358569328,"{'dim': [], 'data_offset': 0}",[]
2023/07/03 16:51:51.458557318,"{'dim': [], 'data_offset': 0}",[]
2023/07/03 16:51:51.558524438,"{'dim': [], 'data_offset': 0}",[]
2023/07/03 16:51:51.658517148,"{'dim': [], 'data_offset': 0}",[]
2023/07/03 16:51:51.758570401,"{'dim': [], 'data_offset': 0}",[]
2023/07/03 16:51:51.858531922,"{'dim': [], 'data_offset': 0}",[]
2023/07/03 16:51:51.958537425,"{'dim': [], 'data_offset': 0}",[]
2023/07/03 16:51:52.58552638,"{'dim': [], 'data_offset': 0}",[]
2023/07/03 16:51:52.158518780,"{'dim': [], 'data_offset': 0}",[]
2023/07/03 16:51:52.258650471,"{'dim': [], 'data_offset': 0}",[]
2023/07/03 16:51:52.358572006,"{'dim': [], 'data_offset': 0}",[]
2023/07/03 16:51:52.458506548,"{'dim': [], 'data_offset': 0}",[]
2023/07/03 16:51:52.558557909,"{'dim': [], 'data_offset': 0}",[]
2023/07/03 16:51:52.658544578,"{'dim': [], 'data_offset': 0}",[]
2023/07/03 16:51:52.758548480,"{'dim': [], 'data_offset': 0}",[]
2023/07/03 16:51:52.858583791,"{'dim': [], 'data_offset': 0}",[]
2023/07/03 16:51:52.958569159,"{'dim': [], 'data_offset': 0}",[]
2023/07/03 16:51:53.58544447,"{'dim': [], 'data_offset': 0}",[]
2023/07/03 16:51:53.158568547,"{'dim': [], 'data_offset': 0}",[]
2023/07/03 16:51:53.258539919,"{'dim': [], 'data_offset': 0}",[]
2023/07/03 16:51:53.358553862,"{'dim': [], 'data_offset': 0}",[]
2023/07/03 16:51:53.458550852,"{'dim': [], 'data_offset': 0}",[]
2023/07/03 16:51:53.558503919,"{'dim': [], 'data_offset': 0}",[]
2023/07/03 16:51:53.658526940,"{'dim': [], 'data_offset': 0}",[]
2023/07/03 16:51:53.758524982,"{'dim': [], 'data_offset': 0}",[]
2023/07/03 16:51:53.858522993,"{'dim': [], 'data_offset': 0}",[]
2023/07/03 16:51:53.958561491,"{'dim': [], 'data_offset': 0}",[]
2023/07/03 16:51:54.58568580,"{'dim': [], 'data_offset': 0}",[]
2023/07/03 16:51:54.158501973,"{'dim': [], 'data_offset': 0}",[]
2023/07/03 16:51:54.258516086,"{'dim': [], 'data_offset': 0}",[]
2023/07/03 16:51:54.358496667,"{'dim': [], 'data_offset': 0}",[]
2023/07/03 16:51:54.458534123,"{'dim': [], 'data_offset': 0}",[]
2023/07/03 16:51:54.558521447,"{'dim': [], 'data_offset': 0}",[]
2023/07/03 16:51:54.658530671,"{'dim': [], 'data_offset': 0}",[]
2023/07/03 16:51:54.758517904,"{'dim': [], 'data_offset': 0}",[]
2023/07/03 16:51:54.858541705,"{'dim': [], 'data_offset': 0}",[]
2023/07/03 16:51:54.958524781,"{'dim': [], 'data_offset': 0}",[]
2023/07/03 16:51:55.58519779,"{'dim': [], 'data_offset': 0}",[]
2023/07/03 16:51:55.158516121,"{'dim': [], 'data_offset': 0}",[]
2023/07/03 16:51:55.258534453,"{'dim': [], 'data_offset': 0}",[]
2023/07/03 16:51:55.358535634,"{'dim': [], 'data_offset': 0}",[]
2023/07/03 16:51:55.458521194,"{'dim': [], 'data_offset': 0}",[]
2023/07/03 16:51:55.558526812,"{'dim': [], 'data_offset': 0}",[]
2023/07/03 16:51:55.658503086,"{'dim': [], 'data_offset': 0}",[]
2023/07/03 16:51:55.758521689,"{'dim': [], 'data_offset': 0}",[]
2023/07/03 16:51:55.858512860,"{'dim': [], 'data_offset': 0}",[]
2023/07/03 16:51:55.958525712,"{'dim': [], 'data_offset': 0}",[]
2023/07/03 16:51:56.58549998,"{'dim': [], 'data_offset': 0}",[]
2023/07/03 16:51:56.158520873,"{'dim': [], 'data_offset': 0}",[]
2023/07/03 16:51:56.258589491,"{'dim': [], 'data_offset': 0}",[]
2023/07/03 16:51:56.358542251,"{'dim': [], 'data_offset': 0}",[]
2023/07/03 16:51:56.458501345,"{'dim': [], 'data_offset': 0}",[]
2023/07/03 16:51:56.558532320,"{'dim': [], 'data_offset': 0}",[]
2023/07/03 16:51:56.658516300,"{'dim': [], 'data_offset': 0}",[]
2023/07/03 16:51:56.758513504,"{'dim': [], 'data_offset': 0}",[]
2023/07/03 16:51:56.858528772,"{'dim': [], 'data_offset': 0}",[]
2023/07/03 16:51:56.958524323,"{'dim': [], 'data_offset': 0}",[]
2023/07/03 16:51:57.58519594,"{'dim': [], 'data_offset': 0}",[]
2023/07/03 16:51:57.158508013,"{'dim': [], 'data_offset': 0}",[]
2023/07/03 16:51:57.258536206,"{'dim': [], 'data_offset': 0}",[]
2023/07/03 16:51:57.358518503,"{'dim': [], 'data_offset': 0}",[]
2023/07/03 16:51:57.458520408,"{'dim': [], 'data_offset': 0}",[]
2023/07/03 16:51:57.558524507,"{'dim': [], 'data_offset': 0}",[]
2023/07/03 16:51:57.658525950,"{'dim': [], 'data_offset': 0}",[]
2023/07/03 16:51:57.758534107,"{'dim': [], 'data_offset': 0}",[]
2023/07/03 16:51:57.858519439,"{'dim': [], 'data_offset': 0}",[]
2023/07/03 16:51:57.958490234,"{'dim': [], 'data_offset': 0}",[]
2023/07/03 16:51:58.58509292,"{'dim': [], 'data_offset': 0}",[]
2023/07/03 16:51:58.158519884,"{'dim': [], 'data_offset': 0}",[]
2023/07/03 16:51:58.258545573,"{'dim': [], 'data_offset': 0}",[]
2023/07/03 16:51:58.358527511,"{'dim': [], 'data_offset': 0}",[]
2023/07/03 16:51:58.458488709,"{'dim': [], 'data_offset': 0}",[]
2023/07/03 16:51:58.558537585,"{'dim': [], 'data_offset': 0}",[]
2023/07/03 16:51:58.658502791,"{'dim': [], 'data_offset': 0}",[]
2023/07/03 16:51:58.758525637,"{'dim': [], 'data_offset': 0}",[]
2023/07/03 16:51:58.858512555,"{'dim': [], 'data_offset': 0}",[]
2023/07/03 16:51:58.958536723,"{'dim': [], 'data_offset': 0}",[]
2023/07/03 16:51:59.58494996,"{'dim': [], 'data_offset': 0}",[]
2023/07/03 16:51:59.158547317,"{'dim': [], 'data_offset': 0}",[]
2023/07/03 16:51:59.258523084,"{'dim': [], 'data_offset': 0}",[]
2023/07/03 16:51:59.358547172,"{'dim': [], 'data_offset': 0}",[]
2023/07/03 16:51:59.458516107,"{'dim': [], 'data_offset': 0}",[]
2023/07/03 16:51:59.558503938,"{'dim': [], 'data_offset': 0}",[]
2023/07/03 16:51:59.658519760,"{'dim': [], 'data_offset': 0}",[]
2023/07/03 16:51:59.758512199,"{'dim': [], 'data_offset': 0}",[]
2023/07/03 16:51:59.858480282,"{'dim': [], 'data_offset': 0}",[]
2023/07/03 16:51:59.958516413,"{'dim': [], 'data_offset': 0}",[]
2023/07/03 16:52:00.58499525,"{'dim': [], 'data_offset': 0}",[]
2023/07/03 16:52:00.158535849,"{'dim': [], 'data_offset': 0}",[]
2023/07/03 16:52:00.258491309,"{'dim': [], 'data_offset': 0}",[]
2023/07/03 16:52:00.358574941,"{'dim': [], 'data_offset': 0}",[]
2023/07/03 16:52:00.458514933,"{'dim': [], 'data_offset': 0}",[]
2023/07/03 16:52:00.558508444,"{'dim': [], 'data_offset': 0}",[]
2023/07/03 16:52:00.658522125,"{'dim': [], 'data_offset': 0}",[]
2023/07/03 16:52:00.758487093,"{'dim': [], 'data_offset': 0}",[]
2023/07/03 16:52:00.858549254,"{'dim': [], 'data_offset': 0}",[]
2023/07/03 16:52:00.958527898,"{'dim': [], 'data_offset': 0}",[]
2023/07/03 16:52:01.58519858,"{'dim': [], 'data_offset': 0}",[]
2023/07/03 16:52:01.158525314,"{'dim': [], 'data_offset': 0}",[]
2023/07/03 16:52:01.258554986,"{'dim': [], 'data_offset': 0}",[]
2023/07/03 16:52:01.358486302,"{'dim': [], 'data_offset': 0}",[]
2023/07/03 16:52:01.458540319,"{'dim': [], 'data_offset': 0}",[]
2023/07/03 16:52:01.558541717,"{'dim': [], 'data_offset': 0}",[]
2023/07/03 16:52:01.658523959,"{'dim': [], 'data_offset': 0}",[]
2023/07/03 16:52:01.758537271,"{'dim': [], 'data_offset': 0}",[]
2023/07/03 16:52:01.858527448,"{'dim': [], 'data_offset': 0}",[]
2023/07/03 16:52:01.958508849,"{'dim': [], 'data_offset': 0}",[]
2023/07/03 16:52:02.58537207,"{'dim': [], 'data_offset': 0}",[]
2023/07/03 16:52:02.158553815,"{'dim': [], 'data_offset': 0}",[]
2023/07/03 16:52:02.258515087,"{'dim': [], 'data_offset': 0}",[]
2023/07/03 16:52:02.358506570,"{'dim': [], 'data_offset': 0}",[]
2023/07/03 16:52:02.458521384,"{'dim': [], 'data_offset': 0}",[]
2023/07/03 16:52:02.558540317,"{'dim': [], 'data_offset': 0}",[]
2023/07/03 16:52:02.658548239,"{'dim': [], 'data_offset': 0}",[]
2023/07/03 16:52:02.758523258,"{'dim': [], 'data_offset': 0}",[]
2023/07/03 16:52:02.858524967,"{'dim': [], 'data_offset': 0}",[]
2023/07/03 16:52:02.958512070,"{'dim': [], 'data_offset': 0}",[]
2023/07/03 16:52:03.58510274,"{'dim': [], 'data_offset': 0}",[]
2023/07/03 16:52:03.158496786,"{'dim': [], 'data_offset': 0}",[]
2023/07/03 16:52:03.258575221,"{'dim': [], 'data_offset': 0}",[]
2023/07/03 16:52:03.358520546,"{'dim': [], 'data_offset': 0}",[]
2023/07/03 16:52:03.458504053,"{'dim': [], 'data_offset': 0}",[]
2023/07/03 16:52:03.558504592,"{'dim': [], 'data_offset': 0}",[]
2023/07/03 16:52:03.658520169,"{'dim': [], 'data_offset': 0}",[]
2023/07/03 16:52:03.758520637,"{'dim': [], 'data_offset': 0}",[]
2023/07/03 16:52:03.858557094,"{'dim': [], 'data_offset': 0}",[]
2023/07/03 16:52:03.958514452,"{'dim': [], 'data_offset': 0}",[]
2023/07/03 16:52:04.58517596,"{'dim': [], 'data_offset': 0}",[]
2023/07/03 16:52:04.158518466,"{'dim': [], 'data_offset': 0}",[]
2023/07/03 16:52:04.258541118,"{'dim': [], 'data_offset': 0}",[]
2023/07/03 16:52:04.358589829,"{'dim': [], 'data_offset': 0}",[]
2023/07/03 16:52:04.458536727,"{'dim': [], 'data_offset': 0}",[]
2023/07/03 16:52:04.558508373,"{'dim': [], 'data_offset': 0}",[]
2023/07/03 16:52:04.658582241,"{'dim': [], 'data_offset': 0}",[]
2023/07/03 16:52:04.758535320,"{'dim': [], 'data_offset': 0}",[]
2023/07/03 16:52:04.858529959,"{'dim': [], 'data_offset': 0}",[]
2023/07/03 16:52:04.958512475,"{'dim': [], 'data_offset': 0}",[]
2023/07/03 16:52:05.58542741,"{'dim': [], 'data_offset': 0}",[]
2023/07/03 16:52:05.158512786,"{'dim': [], 'data_offset': 0}",[]
2023/07/03 16:52:05.258512275,"{'dim': [], 'data_offset': 0}",[]
2023/07/03 16:52:05.358517465,"{'dim': [], 'data_offset': 0}",[]
2023/07/03 16:52:05.458515201,"{'dim': [], 'data_offset': 0}",[]
2023/07/03 16:52:05.558528386,"{'dim': [], 'data_offset': 0}",[]
2023/07/03 16:52:05.658524440,"{'dim': [], 'data_offset': 0}",[]
2023/07/03 16:52:05.758488721,"{'dim': [], 'data_offset': 0}",[]
2023/07/03 16:52:05.858537153,"{'dim': [], 'data_offset': 0}",[]
2023/07/03 16:52:05.958509932,"{'dim': [], 'data_offset': 0}",[]
2023/07/03 16:52:06.58539960,"{'dim': [], 'data_offset': 0}",[]
2023/07/03 16:52:06.158542537,"{'dim': [], 'data_offset': 0}",[]
2023/07/03 16:52:06.258523342,"{'dim': [], 'data_offset': 0}",[]
2023/07/03 16:52:06.358516089,"{'dim': [], 'data_offset': 0}",[]
2023/07/03 16:52:06.458490602,"{'dim': [], 'data_offset': 0}",[]
2023/07/03 16:52:06.558524859,"{'dim': [], 'data_offset': 0}",[]
2023/07/03 16:52:06.658517677,"{'dim': [], 'data_offset': 0}",[]
2023/07/03 16:52:06.758512678,"{'dim': [], 'data_offset': 0}",[]
2023/07/03 16:52:06.858500448,"{'dim': [], 'data_offset': 0}",[]
2023/07/03 16:52:06.958517201,"{'dim': [], 'data_offset': 0}",[]
2023/07/03 16:52:07.58532242,"{'dim': [], 'data_offset': 0}",[]
2023/07/03 16:52:07.158625429,"{'dim': [], 'data_offset': 0}",[]
2023/07/03 16:52:07.256708606,"{'dim': [], 'data_offset': 0}",[]
2023/07/03 16:52:07.356836430,"{'dim': [], 'data_offset': 0}",[]
2023/07/03 16:52:07.456798009,"{'dim': [], 'data_offset': 0}",[]
2023/07/03 16:52:07.558614418,"{'dim': [], 'data_offset': 0}",[]
2023/07/03 16:52:07.658620975,"{'dim': [], 'data_offset': 0}",[]
2023/07/03 16:52:07.758581803,"{'dim': [], 'data_offset': 0}",[]
2023/07/03 16:52:07.858649504,"{'dim': [], 'data_offset': 0}",[]
2023/07/03 16:52:07.958617657,"{'dim': [], 'data_offset': 0}",[]
2023/07/03 16:52:08.58634532,"{'dim': [], 'data_offset': 0}",[]
2023/07/03 16:52:08.158570675,"{'dim': [], 'data_offset': 0}",[]
2023/07/03 16:52:08.258634469,"{'dim': [], 'data_offset': 0}",[]
2023/07/03 16:52:08.358634222,"{'dim': [], 'data_offset': 0}",[]
2023/07/03 16:52:08.458630289,"{'dim': [], 'data_offset': 0}",[]
2023/07/03 16:52:08.558511739,"{'dim': [], 'data_offset': 0}",[]
2023/07/03 16:52:08.658533834,"{'dim': [], 'data_offset': 0}",[]
2023/07/03 16:52:08.758523099,"{'dim': [], 'data_offset': 0}",[]
2023/07/03 16:52:08.858540163,"{'dim': [], 'data_offset': 0}",[]
2023/07/03 16:52:08.958545907,"{'dim': [], 'data_offset': 0}",[]
2023/07/03 16:52:09.58523299,"{'dim': [], 'data_offset': 0}",[]
2023/07/03 16:52:09.158522593,"{'dim': [], 'data_offset': 0}",[]
2023/07/03 16:52:09.258511567,"{'dim': [], 'data_offset': 0}",[]
2023/07/03 16:52:09.358519758,"{'dim': [], 'data_offset': 0}",[]
2023/07/03 16:52:09.458511678,"{'dim': [], 'data_offset': 0}",[]
2023/07/03 16:52:09.558511192,"{'dim': [], 'data_offset': 0}",[]
2023/07/03 16:52:09.658534631,"{'dim': [], 'data_offset': 0}",[]
2023/07/03 16:52:09.758507375,"{'dim': [], 'data_offset': 0}",[]
2023/07/03 16:52:09.858515856,"{'dim': [], 'data_offset': 0}",[]
2023/07/03 16:52:09.958513186,"{'dim': [], 'data_offset': 0}",[]
2023/07/03 16:52:10.58527109,"{'dim': [], 'data_offset': 0}",[]
2023/07/03 16:52:10.158536944,"{'dim': [], 'data_offset': 0}",[]
2023/07/03 16:52:10.258496304,"{'dim': [], 'data_offset': 0}",[]
2023/07/03 16:52:10.358565700,"{'dim': [], 'data_offset': 0}",[]
2023/07/03 16:52:10.458520783,"{'dim': [], 'data_offset': 0}",[]
2023/07/03 16:52:10.558527013,"{'dim': [], 'data_offset': 0}",[]
2023/07/03 16:52:10.658495008,"{'dim': [], 'data_offset': 0}",[]
2023/07/03 16:52:10.758546129,"{'dim': [], 'data_offset': 0}",[]
2023/07/03 16:52:10.858526479,"{'dim': [], 'data_offset': 0}",[]
2023/07/03 16:52:10.958558505,"{'dim': [], 'data_offset': 0}",[]
2023/07/03 16:52:11.58522293,"{'dim': [], 'data_offset': 0}",[]
2023/07/03 16:52:11.158517563,"{'dim': [], 'data_offset': 0}",[]
2023/07/03 16:52:11.258517369,"{'dim': [], 'data_offset': 0}",[]
2023/07/03 16:52:11.358520642,"{'dim': [], 'data_offset': 0}",[]
2023/07/03 16:52:11.458544275,"{'dim': [], 'data_offset': 0}",[]
2023/07/03 16:52:11.558545655,"{'dim': [], 'data_offset': 0}",[]
2023/07/03 16:52:11.658535212,"{'dim': [], 'data_offset': 0}",[]
2023/07/03 16:52:11.758540951,"{'dim': [], 'data_offset': 0}",[]
2023/07/03 16:52:11.860910095,"{'dim': [], 'data_offset': 0}",[]
2023/07/03 16:52:11.955512737,"{'dim': [], 'data_offset': 0}",[]
2023/07/03 16:52:12.58675857,"{'dim': [], 'data_offset': 0}",[]
2023/07/03 16:52:12.158708417,"{'dim': [], 'data_offset': 0}",[]
2023/07/03 16:52:12.258294787,"{'dim': [], 'data_offset': 0}",[]
2023/07/03 16:52:12.358357073,"{'dim': [], 'data_offset': 0}",[]
2023/07/03 16:52:12.458300776,"{'dim': [], 'data_offset': 0}",[]
2023/07/03 16:52:12.558335570,"{'dim': [], 'data_offset': 0}",[]
2023/07/03 16:52:12.658321472,"{'dim': [], 'data_offset': 0}",[]
2023/07/03 16:52:12.758360574,"{'dim': [], 'data_offset': 0}",[]
2023/07/03 16:52:12.858443369,"{'dim': [], 'data_offset': 0}",[]
2023/07/03 16:52:12.958377804,"{'dim': [], 'data_offset': 0}",[]
2023/07/03 16:52:13.58358369,"{'dim': [], 'data_offset': 0}",[]
2023/07/03 16:52:13.158377684,"{'dim': [], 'data_offset': 0}",[]
2023/07/03 16:52:13.258573703,"{'dim': [], 'data_offset': 0}",[]
2023/07/03 16:52:13.358392080,"{'dim': [], 'data_offset': 0}",[]
2023/07/03 16:52:13.458387141,"{'dim': [], 'data_offset': 0}",[]
2023/07/03 16:52:13.558403171,"{'dim': [], 'data_offset': 0}",[]
2023/07/03 16:52:13.658407969,"{'dim': [], 'data_offset': 0}",[]
2023/07/03 16:52:13.758364247,"{'dim': [], 'data_offset': 0}",[]
2023/07/03 16:52:13.858399413,"{'dim': [], 'data_offset': 0}",[]
2023/07/03 16:52:13.958393531,"{'dim': [], 'data_offset': 0}",[]
2023/07/03 16:52:14.58375478,"{'dim': [], 'data_offset': 0}",[]
2023/07/03 16:52:14.158394495,"{'dim': [], 'data_offset': 0}",[]
2023/07/03 16:52:14.258682898,"{'dim': [], 'data_offset': 0}",[]
2023/07/03 16:52:14.358417770,"{'dim': [], 'data_offset': 0}",[]
2023/07/03 16:52:14.458446466,"{'dim': [], 'data_offset': 0}",[]
2023/07/03 16:52:14.558504716,"{'dim': [], 'data_offset': 0}",[]
2023/07/03 16:52:14.658665569,"{'dim': [], 'data_offset': 0}",[]
2023/07/03 16:52:14.758958682,"{'dim': [], 'data_offset': 0}",[]
2023/07/03 16:52:14.859052749,"{'dim': [], 'data_offset': 0}",[]
2023/07/03 16:52:14.958716658,"{'dim': [], 'data_offset': 0}",[]
2023/07/03 16:52:15.58372993,"{'dim': [], 'data_offset': 0}",[]
2023/07/03 16:52:15.158491377,"{'dim': [], 'data_offset': 0}",[]
2023/07/03 16:52:15.258373087,"{'dim': [], 'data_offset': 0}",[]
2023/07/03 16:52:15.358744898,"{'dim': [], 'data_offset': 0}",[]
2023/07/03 16:52:15.459180910,"{'dim': [], 'data_offset': 0}",[]
